"","Name","Course","Hole","Par","Score","Gender"
"1","Player 1","Longue Vue Club","Total",70,83,"Male"
"2","Player 2","Longue Vue Club","Total",70,81,"Male"
"3","Player 3","Longue Vue Club","Total",70,70,"Male"
"4","Player 3","Avalon Lakes Golf Club","Total",72,71,"Male"
"5","Player 4","Avalon Lakes Golf Club","Total",72,73,"Male"
"6","Player 5","Longue Vue Club","Total",70,79,"Male"
"7","Player 6","Avalon Lakes Golf Club","Total",72,75,"Male"
"8","Player 1","Avalon Lakes Golf Club","Total",72,83,"Male"
"9","Player 7","Avalon Lakes Golf Club","Total",72,81,"Male"
"10","Player 8","Avalon Lakes Golf Club","Total",72,77,"Male"
"11","Player 9","Longue Vue Club","Total",70,80,"Male"
"12","Player 10","Avalon Lakes Golf Club","Total",72,76,"Male"
"13","Player 11","Avalon Lakes Golf Club","Total",72,83,"Male"
"14","Player 9","Avalon Lakes Golf Club","Total",72,78,"Male"
"15","Player 2","Longue Vue Club","Total",70,81,"Male"
"16","Player 2","Avalon Lakes Golf Club","Total",72,86,"Male"
"17","Player 12","Avalon Lakes Golf Club","Total",72,77,"Male"
"18","Player 1","Nemacolin Resort - Shepards Rock","Total",72,81,"Male"
"19","Player 10","Nemacolin Resort - Shepards Rock","Total",72,73,"Male"
"20","Player 12","Nemacolin Resort - Shepards Rock","Total",72,74,"Male"
"21","Player 11","Nemacolin Resort - Shepards Rock","Total",72,72,"Male"
"22","Player 11","Nemacolin Resort - Shepards Rock","Total",72,71,"Male"
"23","Player 13","Nemacolin Resort - Shepards Rock","Total",72,75,"Male"
"24","Player 13","Avalon Lakes Golf Club","Total",72,85,"Male"
"25","Player 2","Nemacolin Resort - Shepards Rock","Total",72,82,"Male"
"26","Player 14","Longue Vue Club","Total",70,70,"Male"
"27","Player 13","Longue Vue Club","Total",70,77,"Male"
"28","Player 4","Nemacolin Resort - Shepards Rock","Total",72,73,"Male"
"29","Player 1","Longue Vue Club","Total",70,79,"Male"
"30","Player 4","Indiana Country Club","Total",71,68,"Male"
"31","Player 11","Indiana Country Club","Total",71,81,"Male"
"32","Player 3","Indiana Country Club","Total",71,72,"Male"
"33","Player 8","Indiana Country Club","Total",71,72,"Male"
"34","Player 14","Indiana Country Club","Total",71,72,"Male"
"35","Player 1","Indiana Country Club","Total",71,73,"Male"
"36","Player 10","Indiana Country Club","Total",71,80,"Male"
"37","Player 4","Nemacolin Resort - Shepards Rock","Total",72,77,"Male"
"38","Player 12","Indiana Country Club","Total",71,70,"Male"
"39","Player 2","Indiana Country Club","Total",71,75,"Male"
"40","Player 2","Longue Vue Club","Total",70,78,"Male"
"41","Player 13","Indiana Country Club","Total",71,78,"Male"
"42","Player 2","Longue Vue Club","Total",70,77,"Male"
"43","Player 11","Meadville Country Club","Total",72,70,"Male"
"44","Player 11","Meadville Country Club","Total",72,76,"Male"
"45","Player 12","Meadville Country Club","Total",72,74,"Male"
"46","Player 12","Meadville Country Club","Total",72,78,"Male"
"47","Player 5","Avalon Lakes Golf Club","Total",72,83,"Male"
"48","Player 5","Indiana Country Club","Total",71,75,"Male"
"49","Player 5","Longue Vue Club","Total",70,75,"Male"
"50","Player 13","Longue Vue Club","Total",70,81,"Male"
"51","Player 9","Meadville Country Club","Total",72,76,"Male"
"52","Player 9","Meadville Country Club","Total",72,78,"Male"
"53","Player 6","Longue Vue Club","Total",70,75,"Male"
"54","Player 6","Nemacolin Resort - Shepards Rock","Total",72,73,"Male"
"55","Player 3","PGA National - Champions","Total",72,78,"Male"
"56","Player 4","PGA National - Champions","Total",72,79,"Male"
"57","Player 3","PGA National - Champions","Total",72,68,"Male"
"58","Player 10","PGA National - Champions","Total",72,85,"Male"
"59","Player 4","PGA National - Champions","Total",72,73,"Male"
"60","Player 10","PGA National - Champions","Total",72,79,"Male"
"61","Player 14","PGA National - Champions","Total",72,80,"Male"
"62","Player 14","PGA National - Champions","Total",72,73,"Male"
"63","Player 7","Longue Vue Club","Total",70,86,"Male"
"64","Player 3","PGA National - Champions","Total",72,76,"Male"
"65","Player 10","PGA National - Champions","Total",72,75,"Male"
"66","Player 6","Longue Vue Club","Total",70,77,"Male"
"67","Player 6","Longue Vue Club","Total",70,75,"Male"
"68","Player 4","PGA National - Champions","Total",72,76,"Male"
"69","Player 8","PGA National - Champions","Total",72,79,"Male"
"70","Player 8","PGA National - Champions","Total",72,79,"Male"
"71","Player 8","PGA National - Champions","Total",72,79,"Male"
"72","Player 11","Longue Vue Club","Total",70,73,"Male"
"73","Player 5","Longue Vue Club","Total",70,71,"Male"
"74","Player 3","Longue Vue Club","Total",70,68,"Male"
"75","Player 11","Longue Vue Club","Total",70,72,"Male"
"76","Player 3","Pittsburgh Field Club","Total",71,70,"Male"
"77","Player 8","Pittsburgh Field Club","Total",71,72,"Male"
"78","Player 6","Longue Vue Club","Total",70,70,"Male"
"79","Player 6","Longue Vue Club","Total",70,74,"Male"
"80","Player 12","Longue Vue Club","Total",70,78,"Male"
"81","Player 12","Longue Vue Club","Total",70,75,"Male"
"82","Player 8","Longue Vue Club","Total",70,75,"Male"
"83","Player 8","Longue Vue Club","Total",70,80,"Male"
"84","Player 11","Longue Vue Club","Total",70,72,"Male"
"85","Player 11","Pittsburgh Field Club","Total",71,73,"Male"
"86","Player 6","Pittsburgh Field Club","Total",71,70,"Male"
"87","Player 11","Longue Vue Club","Total",70,75,"Male"
"88","Player 10","Longue Vue Club","Total",70,87,"Male"
"89","Player 10","Pittsburgh Field Club","Total",71,77,"Male"
"90","Player 10","Longue Vue Club","Total",70,79,"Male"
"91","Player 3","Pinnacle Golf Club","Total",72,71,"Male"
"92","Player 1","Longue Vue Club","Total",70,71,"Male"
"93","Player 4","Columbus Country Club","Total",72,75,"Male"
"94","Player 4","Columbus Country Club","Total",72,76,"Male"
"95","Player 11","Columbus Country Club","Total",72,73,"Male"
"96","Player 11","Columbus Country Club","Total",72,78,"Male"
"97","Player 3","Columbus Country Club","Total",72,72,"Male"
"98","Player 3","Columbus Country Club","Total",72,72,"Male"
"99","Player 11","Columbus Country Club","Total",72,75,"Male"
"100","Player 6","Columbus Country Club","Total",72,72,"Male"
"101","Player 6","Columbus Country Club","Total",72,74,"Male"
"102","Player 6","Columbus Country Club","Total",72,75,"Male"
"103","Player 3","Columbus Country Club","Total",72,73,"Male"
"104","Player 11","Longue Vue Club","Total",70,76,"Male"
"105","Player 4","Longue Vue Club","Total",70,71,"Male"
"106","Player 4","Columbus Country Club","Total",72,73,"Male"
"107","Player 11","Longue Vue Club","Total",70,76,"Male"
"108","Player 10","Longue Vue Club","Total",70,77,"Male"
"109","Player 3","Fox Chapel","Total",70,70,"Male"
"110","Player 10","Longue Vue Club","Total",70,76,"Male"
"111","Player 1","Longue Vue Club","Total",70,82,"Male"
"112","Player 1","Longue Vue Club","Total",70,81,"Male"
"113","Player 10","Longue Vue Club","Total",70,80,"Male"
"114","Player 11","San Destin Resort - Raven","Total",71,70,"Male"
"115","Player 3","San Destin Resort - Raven","Total",71,69,"Male"
"116","Player 4","San Destin Resort - Raven","Total",71,73,"Male"
"117","Player 6","San Destin Resort - Raven","Total",71,79,"Male"
"118","Player 3","San Destin Resort - Raven","Total",71,66,"Male"
"119","Player 11","San Destin Resort - Raven","Total",71,76,"Male"
"120","Player 6","San Destin Resort - Raven","Total",71,73,"Male"
"121","Player 12","San Destin Resort - Raven","Total",71,75,"Male"
"122","Player 12","San Destin Resort - Raven","Total",71,72,"Male"
"123","Player 11","San Destin Resort - Raven","Total",71,74,"Male"
"124","Player 6","San Destin Resort - Raven","Total",71,76,"Male"
"125","Player 11","Longue Vue Club","Total",70,75,"Male"
"126","Player 11","Longue Vue Club","Total",70,71,"Male"
"127","Player 3","San Destin Resort - Raven","Total",71,71,"Male"
"128","Player 3","Longue Vue Club","Total",70,73,"Male"
"129","Player 8","Pittsburgh Field Club","Total",71,70,"Male"
"130","Player 8","Longue Vue Club","Total",70,79,"Male"
"131","Player 8","Longue Vue Club","Total",70,71,"Male"
"132","Player 8","Longue Vue Club","Total",70,83,"Male"
"133","Player 8","Longue Vue Club","Total",70,74,"Male"
"134","Player 8","Longue Vue Club","Total",70,75,"Male"
"135","Player 8","Longue Vue Club","Total",70,73,"Male"
"136","Player 3","Sedgefield Country Club - Dye Course","Total",71,75,"Male"
"137","Player 11","Sedgefield Country Club - Dye Course","Total",71,73,"Male"
"138","Player 11","Sedgefield Country Club - Dye Course","Total",71,76,"Male"
"139","Player 3","Sedgefield Country Club - Dye Course","Total",71,68,"Male"
"140","Player 8","Sedgefield Country Club - Dye Course","Total",71,72,"Male"
"141","Player 8","Sedgefield Country Club - Dye Course","Total",71,74,"Male"
"142","Player 4","Sedgefield Country Club - Dye Course","Total",71,75,"Male"
"143","Player 4","Sedgefield Country Club - Dye Course","Total",71,74,"Male"
"144","Player 3","Wigwam Gold Course","Total",70,73,"Male"
"145","Player 3","Wigwam Gold Course","Total",70,67,"Male"
"146","Player 3","Wigwam Gold Course","Total",70,73,"Male"
"147","Player 1","Longue Vue Club","1",4,5,"Male"
"148","Player 2","Longue Vue Club","1",4,5,"Male"
"149","Player 3","Longue Vue Club","1",4,4,"Male"
"150","Player 3","Avalon Lakes Golf Club","1",4,5,"Male"
"151","Player 4","Avalon Lakes Golf Club","1",4,4,"Male"
"152","Player 5","Longue Vue Club","1",4,4,"Male"
"153","Player 6","Avalon Lakes Golf Club","1",4,5,"Male"
"154","Player 1","Avalon Lakes Golf Club","1",4,5,"Male"
"155","Player 7","Avalon Lakes Golf Club","1",4,5,"Male"
"156","Player 8","Avalon Lakes Golf Club","1",4,4,"Male"
"157","Player 9","Longue Vue Club","1",4,5,"Male"
"158","Player 10","Avalon Lakes Golf Club","1",4,7,"Male"
"159","Player 11","Avalon Lakes Golf Club","1",4,4,"Male"
"160","Player 9","Avalon Lakes Golf Club","1",4,5,"Male"
"161","Player 2","Longue Vue Club","1",4,5,"Male"
"162","Player 2","Avalon Lakes Golf Club","1",4,6,"Male"
"163","Player 12","Avalon Lakes Golf Club","1",4,4,"Male"
"164","Player 1","Nemacolin Resort - Shepards Rock","1",5,5,"Male"
"165","Player 10","Nemacolin Resort - Shepards Rock","1",5,5,"Male"
"166","Player 12","Nemacolin Resort - Shepards Rock","1",5,5,"Male"
"167","Player 11","Nemacolin Resort - Shepards Rock","1",5,6,"Male"
"168","Player 11","Nemacolin Resort - Shepards Rock","1",5,4,"Male"
"169","Player 13","Nemacolin Resort - Shepards Rock","1",5,5,"Male"
"170","Player 13","Avalon Lakes Golf Club","1",4,3,"Male"
"171","Player 2","Nemacolin Resort - Shepards Rock","1",5,3,"Male"
"172","Player 14","Longue Vue Club","1",4,4,"Male"
"173","Player 13","Longue Vue Club","1",4,5,"Male"
"174","Player 4","Nemacolin Resort - Shepards Rock","1",5,5,"Male"
"175","Player 1","Longue Vue Club","1",4,5,"Male"
"176","Player 4","Indiana Country Club","1",5,5,"Male"
"177","Player 11","Indiana Country Club","1",5,5,"Male"
"178","Player 3","Indiana Country Club","1",5,5,"Male"
"179","Player 8","Indiana Country Club","1",5,3,"Male"
"180","Player 14","Indiana Country Club","1",5,5,"Male"
"181","Player 1","Indiana Country Club","1",5,6,"Male"
"182","Player 10","Indiana Country Club","1",5,5,"Male"
"183","Player 4","Nemacolin Resort - Shepards Rock","1",5,5,"Male"
"184","Player 12","Indiana Country Club","1",5,4,"Male"
"185","Player 2","Indiana Country Club","1",5,4,"Male"
"186","Player 2","Longue Vue Club","1",4,7,"Male"
"187","Player 13","Indiana Country Club","1",5,5,"Male"
"188","Player 2","Longue Vue Club","1",4,5,"Male"
"189","Player 11","Meadville Country Club","1",5,5,"Male"
"190","Player 11","Meadville Country Club","1",5,7,"Male"
"191","Player 12","Meadville Country Club","1",5,4,"Male"
"192","Player 12","Meadville Country Club","1",5,6,"Male"
"193","Player 5","Avalon Lakes Golf Club","1",4,4,"Male"
"194","Player 5","Indiana Country Club","1",5,6,"Male"
"195","Player 5","Longue Vue Club","1",4,4,"Male"
"196","Player 13","Longue Vue Club","1",4,4,"Male"
"197","Player 9","Meadville Country Club","1",5,3,"Male"
"198","Player 9","Meadville Country Club","1",5,4,"Male"
"199","Player 6","Longue Vue Club","1",4,4,"Male"
"200","Player 6","Nemacolin Resort - Shepards Rock","1",5,5,"Male"
"201","Player 3","PGA National - Champions","1",4,5,"Male"
"202","Player 4","PGA National - Champions","1",4,5,"Male"
"203","Player 3","PGA National - Champions","1",4,4,"Male"
"204","Player 10","PGA National - Champions","1",4,5,"Male"
"205","Player 4","PGA National - Champions","1",4,3,"Male"
"206","Player 10","PGA National - Champions","1",4,4,"Male"
"207","Player 14","PGA National - Champions","1",4,4,"Male"
"208","Player 14","PGA National - Champions","1",4,4,"Male"
"209","Player 7","Longue Vue Club","1",4,4,"Male"
"210","Player 3","PGA National - Champions","1",4,4,"Male"
"211","Player 10","PGA National - Champions","1",4,6,"Male"
"212","Player 6","Longue Vue Club","1",4,4,"Male"
"213","Player 6","Longue Vue Club","1",4,4,"Male"
"214","Player 4","PGA National - Champions","1",4,5,"Male"
"215","Player 8","PGA National - Champions","1",4,3,"Male"
"216","Player 8","PGA National - Champions","1",4,4,"Male"
"217","Player 8","PGA National - Champions","1",4,5,"Male"
"218","Player 11","Longue Vue Club","1",4,4,"Male"
"219","Player 5","Longue Vue Club","1",4,3,"Male"
"220","Player 3","Longue Vue Club","1",4,6,"Male"
"221","Player 11","Longue Vue Club","1",4,4,"Male"
"222","Player 3","Pittsburgh Field Club","1",4,5,"Male"
"223","Player 8","Pittsburgh Field Club","1",4,4,"Male"
"224","Player 6","Longue Vue Club","1",4,4,"Male"
"225","Player 6","Longue Vue Club","1",4,5,"Male"
"226","Player 12","Longue Vue Club","1",4,4,"Male"
"227","Player 12","Longue Vue Club","1",4,4,"Male"
"228","Player 8","Longue Vue Club","1",4,4,"Male"
"229","Player 8","Longue Vue Club","1",4,4,"Male"
"230","Player 11","Longue Vue Club","1",4,4,"Male"
"231","Player 11","Pittsburgh Field Club","1",4,4,"Male"
"232","Player 6","Pittsburgh Field Club","1",4,5,"Male"
"233","Player 11","Longue Vue Club","1",4,5,"Male"
"234","Player 10","Longue Vue Club","1",4,6,"Male"
"235","Player 10","Pittsburgh Field Club","1",4,5,"Male"
"236","Player 10","Longue Vue Club","1",4,5,"Male"
"237","Player 3","Pinnacle Golf Club","1",4,4,"Male"
"238","Player 1","Longue Vue Club","1",4,4,"Male"
"239","Player 4","Columbus Country Club","1",4,5,"Male"
"240","Player 4","Columbus Country Club","1",4,4,"Male"
"241","Player 11","Columbus Country Club","1",4,5,"Male"
"242","Player 11","Columbus Country Club","1",4,4,"Male"
"243","Player 3","Columbus Country Club","1",4,4,"Male"
"244","Player 3","Columbus Country Club","1",4,5,"Male"
"245","Player 11","Columbus Country Club","1",4,5,"Male"
"246","Player 6","Columbus Country Club","1",4,4,"Male"
"247","Player 6","Columbus Country Club","1",4,4,"Male"
"248","Player 6","Columbus Country Club","1",4,4,"Male"
"249","Player 3","Columbus Country Club","1",4,4,"Male"
"250","Player 11","Longue Vue Club","1",4,5,"Male"
"251","Player 4","Longue Vue Club","1",4,6,"Male"
"252","Player 4","Columbus Country Club","1",4,4,"Male"
"253","Player 11","Longue Vue Club","1",4,5,"Male"
"254","Player 10","Longue Vue Club","1",4,5,"Male"
"255","Player 3","Fox Chapel","1",4,4,"Male"
"256","Player 10","Longue Vue Club","1",4,5,"Male"
"257","Player 1","Longue Vue Club","1",4,5,"Male"
"258","Player 1","Longue Vue Club","1",4,4,"Male"
"259","Player 10","Longue Vue Club","1",4,5,"Male"
"260","Player 11","San Destin Resort - Raven","1",4,4,"Male"
"261","Player 3","San Destin Resort - Raven","1",4,4,"Male"
"262","Player 4","San Destin Resort - Raven","1",4,4,"Male"
"263","Player 6","San Destin Resort - Raven","1",4,6,"Male"
"264","Player 3","San Destin Resort - Raven","1",4,3,"Male"
"265","Player 11","San Destin Resort - Raven","1",4,4,"Male"
"266","Player 6","San Destin Resort - Raven","1",4,5,"Male"
"267","Player 12","San Destin Resort - Raven","1",4,4,"Male"
"268","Player 12","San Destin Resort - Raven","1",4,5,"Male"
"269","Player 11","San Destin Resort - Raven","1",4,4,"Male"
"270","Player 6","San Destin Resort - Raven","1",4,4,"Male"
"271","Player 11","Longue Vue Club","1",4,5,"Male"
"272","Player 11","Longue Vue Club","1",4,4,"Male"
"273","Player 3","San Destin Resort - Raven","1",4,4,"Male"
"274","Player 3","Longue Vue Club","1",4,4,"Male"
"275","Player 8","Pittsburgh Field Club","1",4,4,"Male"
"276","Player 8","Longue Vue Club","1",4,5,"Male"
"277","Player 8","Longue Vue Club","1",4,5,"Male"
"278","Player 8","Longue Vue Club","1",4,4,"Male"
"279","Player 8","Longue Vue Club","1",4,4,"Male"
"280","Player 8","Longue Vue Club","1",4,4,"Male"
"281","Player 8","Longue Vue Club","1",4,4,"Male"
"282","Player 3","Sedgefield Country Club - Dye Course","1",4,5,"Male"
"283","Player 11","Sedgefield Country Club - Dye Course","1",4,4,"Male"
"284","Player 11","Sedgefield Country Club - Dye Course","1",4,5,"Male"
"285","Player 3","Sedgefield Country Club - Dye Course","1",4,4,"Male"
"286","Player 8","Sedgefield Country Club - Dye Course","1",4,4,"Male"
"287","Player 8","Sedgefield Country Club - Dye Course","1",4,5,"Male"
"288","Player 4","Sedgefield Country Club - Dye Course","1",4,4,"Male"
"289","Player 4","Sedgefield Country Club - Dye Course","1",4,3,"Male"
"290","Player 3","Wigwam Gold Course","1",4,4,"Male"
"291","Player 3","Wigwam Gold Course","1",4,4,"Male"
"292","Player 3","Wigwam Gold Course","1",4,5,"Male"
"293","Player 1","Longue Vue Club","2",4,4,"Male"
"294","Player 2","Longue Vue Club","2",4,4,"Male"
"295","Player 3","Longue Vue Club","2",4,4,"Male"
"296","Player 3","Avalon Lakes Golf Club","2",4,4,"Male"
"297","Player 4","Avalon Lakes Golf Club","2",4,4,"Male"
"298","Player 5","Longue Vue Club","2",4,4,"Male"
"299","Player 6","Avalon Lakes Golf Club","2",4,4,"Male"
"300","Player 1","Avalon Lakes Golf Club","2",4,5,"Male"
"301","Player 7","Avalon Lakes Golf Club","2",4,6,"Male"
"302","Player 8","Avalon Lakes Golf Club","2",4,5,"Male"
"303","Player 9","Longue Vue Club","2",4,4,"Male"
"304","Player 10","Avalon Lakes Golf Club","2",4,5,"Male"
"305","Player 11","Avalon Lakes Golf Club","2",4,6,"Male"
"306","Player 9","Avalon Lakes Golf Club","2",4,5,"Male"
"307","Player 2","Longue Vue Club","2",4,5,"Male"
"308","Player 2","Avalon Lakes Golf Club","2",4,4,"Male"
"309","Player 12","Avalon Lakes Golf Club","2",4,6,"Male"
"310","Player 1","Nemacolin Resort - Shepards Rock","2",4,5,"Male"
"311","Player 10","Nemacolin Resort - Shepards Rock","2",4,6,"Male"
"312","Player 12","Nemacolin Resort - Shepards Rock","2",4,3,"Male"
"313","Player 11","Nemacolin Resort - Shepards Rock","2",4,3,"Male"
"314","Player 11","Nemacolin Resort - Shepards Rock","2",4,4,"Male"
"315","Player 13","Nemacolin Resort - Shepards Rock","2",4,4,"Male"
"316","Player 15","Avalon Lakes Golf Club","Total",72,82,"Female"
"317","Player 16","Avalon Lakes Golf Club","Total",72,75,"Female"
"318","Player 15","Nemacolin Resort - Shepards Rock","Total",72,81,"Female"
"319","Player 15","Nemacolin Resort - Shepards Rock","Total",72,87,"Female"
"320","Player 16","Nemacolin Resort - Shepards Rock","Total",72,93,"Female"
"321","Player 16","Nemacolin Resort - Shepards Rock","Total",72,86,"Female"
"322","Player 17","Avalon Lakes Golf Club","Total",72,81,"Female"
"323","Player 18","Longue Vue Club","Total",70,71,"Female"
"324","Player 19","Indiana Country Club","Total",72,79,"Female"
"325","Player 15","Indiana Country Club","Total",72,75,"Female"
"326","Player 20","Indiana Country Club","Total",72,81,"Female"
"327","Player 16","Indiana Country Club","Total",72,78,"Female"
"328","Player 21","Indiana Country Club","Total",72,80,"Female"
"329","Player 21","PGA National - Palmer","Total",72,77,"Female"
"330","Player 19","Longue Vue Club","Total",72,82,"Female"
"331","Player 21","PGA National - Palmer","Total",72,73,"Female"
"332","Player 16","Meadville Country Club","Total",73,79,"Female"
"333","Player 20","Meadville Country Club","Total",73,83,"Female"
"334","Player 16","Meadville Country Club","Total",73,85,"Female"
"335","Player 20","Meadville Country Club","Total",73,82,"Female"
"336","Player 16","Longue Vue Club","Total",71,84,"Female"
"337","Player 21","San Destin Resort - Baytowne","Total",72,75,"Female"
"338","Player 15","Avalon Lakes Golf Club","1",4,5,"Female"
"339","Player 16","Avalon Lakes Golf Club","1",4,6,"Female"
"340","Player 15","Nemacolin Resort - Shepards Rock","1",5,6,"Female"
"341","Player 15","Nemacolin Resort - Shepards Rock","1",5,5,"Female"
"342","Player 16","Nemacolin Resort - Shepards Rock","1",5,6,"Female"
"343","Player 16","Nemacolin Resort - Shepards Rock","1",5,5,"Female"
"344","Player 17","Avalon Lakes Golf Club","1",4,5,"Female"
"345","Player 18","Longue Vue Club","1",4,4,"Female"
"346","Player 19","Indiana Country Club","1",5,5,"Female"
"347","Player 15","Indiana Country Club","1",5,5,"Female"
"348","Player 20","Indiana Country Club","1",5,5,"Female"
"349","Player 16","Indiana Country Club","1",5,6,"Female"
"350","Player 21","Indiana Country Club","1",5,5,"Female"
"351","Player 21","PGA National - Palmer","1",4,4,"Female"
"352","Player 19","Longue Vue Club","1",4,5,"Female"
"353","Player 21","PGA National - Palmer","1",4,4,"Female"
"354","Player 16","Meadville Country Club","1",5,5,"Female"
"355","Player 20","Meadville Country Club","1",5,6,"Female"
"356","Player 16","Meadville Country Club","1",5,5,"Female"
"357","Player 20","Meadville Country Club","1",5,4,"Female"
"358","Player 16","Longue Vue Club","1",4,5,"Female"
"359","Player 21","San Destin Resort - Baytowne","1",4,4,"Female"
"360","Player 15","Avalon Lakes Golf Club","2",4,6,"Female"
"361","Player 16","Avalon Lakes Golf Club","2",4,5,"Female"
"362","Player 15","Nemacolin Resort - Shepards Rock","2",4,5,"Female"
"363","Player 15","Nemacolin Resort - Shepards Rock","2",4,5,"Female"
"364","Player 16","Nemacolin Resort - Shepards Rock","2",4,7,"Female"
"365","Player 16","Nemacolin Resort - Shepards Rock","2",4,7,"Female"
"366","Player 17","Avalon Lakes Golf Club","2",4,4,"Female"
"367","Player 18","Longue Vue Club","2",4,3,"Female"
"368","Player 19","Indiana Country Club","2",4,6,"Female"
"369","Player 15","Indiana Country Club","2",4,5,"Female"
"370","Player 20","Indiana Country Club","2",4,4,"Female"
"371","Player 16","Indiana Country Club","2",4,5,"Female"
"372","Player 21","Indiana Country Club","2",4,4,"Female"
"373","Player 21","PGA National - Palmer","2",3,3,"Female"
"374","Player 19","Longue Vue Club","2",4,4,"Female"
"375","Player 21","PGA National - Palmer","2",3,3,"Female"
"376","Player 16","Meadville Country Club","2",4,4,"Female"
"377","Player 20","Meadville Country Club","2",4,5,"Female"
"378","Player 16","Meadville Country Club","2",4,5,"Female"
"379","Player 20","Meadville Country Club","2",4,5,"Female"
"380","Player 16","Longue Vue Club","2",4,6,"Female"
"381","Player 21","San Destin Resort - Baytowne","2",4,3,"Female"
"382","Player 15","Avalon Lakes Golf Club","3",5,5,"Female"
"383","Player 16","Avalon Lakes Golf Club","3",5,6,"Female"
"384","Player 15","Nemacolin Resort - Shepards Rock","3",4,5,"Female"
"385","Player 15","Nemacolin Resort - Shepards Rock","3",4,5,"Female"
"386","Player 16","Nemacolin Resort - Shepards Rock","3",4,7,"Female"
"387","Player 16","Nemacolin Resort - Shepards Rock","3",4,5,"Female"
"388","Player 17","Avalon Lakes Golf Club","3",5,6,"Female"
"389","Player 18","Longue Vue Club","3",3,4,"Female"
"390","Player 19","Indiana Country Club","3",3,4,"Female"
"391","Player 15","Indiana Country Club","3",3,3,"Female"
"392","Player 20","Indiana Country Club","3",3,4,"Female"
"393","Player 16","Indiana Country Club","3",3,2,"Female"
"394","Player 21","Indiana Country Club","3",3,4,"Female"
"395","Player 21","PGA National - Palmer","3",4,4,"Female"
"396","Player 19","Longue Vue Club","3",3,5,"Female"
"397","Player 21","PGA National - Palmer","3",4,3,"Female"
"398","Player 16","Meadville Country Club","3",5,5,"Female"
"399","Player 20","Meadville Country Club","3",5,5,"Female"
"400","Player 16","Meadville Country Club","3",5,4,"Female"
"401","Player 20","Meadville Country Club","3",5,5,"Female"
"402","Player 16","Longue Vue Club","3",3,3,"Female"
"403","Player 21","San Destin Resort - Baytowne","3",3,3,"Female"
"404","Player 15","Avalon Lakes Golf Club","4",3,4,"Female"
"405","Player 16","Avalon Lakes Golf Club","4",3,3,"Female"
"406","Player 15","Nemacolin Resort - Shepards Rock","4",5,8,"Female"
"407","Player 15","Nemacolin Resort - Shepards Rock","4",5,7,"Female"
"408","Player 16","Nemacolin Resort - Shepards Rock","4",5,6,"Female"
"409","Player 16","Nemacolin Resort - Shepards Rock","4",5,5,"Female"
"410","Player 17","Avalon Lakes Golf Club","4",3,3,"Female"
"411","Player 18","Longue Vue Club","4",5,4,"Female"
"412","Player 19","Indiana Country Club","4",4,5,"Female"
"413","Player 15","Indiana Country Club","4",4,4,"Female"
"414","Player 20","Indiana Country Club","4",4,4,"Female"
"415","Player 16","Indiana Country Club","4",4,3,"Female"
"416","Player 21","Indiana Country Club","4",4,5,"Female"
"417","Player 21","PGA National - Palmer","4",5,4,"Female"
"418","Player 19","Longue Vue Club","4",5,5,"Female"
"419","Player 21","PGA National - Palmer","4",5,5,"Female"
"420","Player 16","Meadville Country Club","4",4,4,"Female"
"421","Player 20","Meadville Country Club","4",4,3,"Female"
"422","Player 16","Meadville Country Club","4",4,4,"Female"
"423","Player 20","Meadville Country Club","4",4,5,"Female"
"424","Player 16","Longue Vue Club","4",5,9,"Female"
"425","Player 21","San Destin Resort - Baytowne","4",4,4,"Female"
"426","Player 15","Avalon Lakes Golf Club","5",4,5,"Female"
"427","Player 16","Avalon Lakes Golf Club","5",4,4,"Female"
"428","Player 15","Nemacolin Resort - Shepards Rock","5",3,4,"Female"
"429","Player 15","Nemacolin Resort - Shepards Rock","5",3,4,"Female"
"430","Player 16","Nemacolin Resort - Shepards Rock","5",3,4,"Female"
"431","Player 16","Nemacolin Resort - Shepards Rock","5",3,4,"Female"
"432","Player 17","Avalon Lakes Golf Club","5",4,4,"Female"
"433","Player 18","Longue Vue Club","5",3,4,"Female"
"434","Player 19","Indiana Country Club","5",5,6,"Female"
"435","Player 15","Indiana Country Club","5",5,6,"Female"
"436","Player 20","Indiana Country Club","5",5,5,"Female"
"437","Player 16","Indiana Country Club","5",5,6,"Female"
"438","Player 21","Indiana Country Club","5",5,5,"Female"
"439","Player 21","PGA National - Palmer","5",3,3,"Female"
"440","Player 19","Longue Vue Club","5",3,3,"Female"
"441","Player 21","PGA National - Palmer","5",3,3,"Female"
"442","Player 16","Meadville Country Club","5",4,4,"Female"
"443","Player 20","Meadville Country Club","5",4,5,"Female"
"444","Player 16","Meadville Country Club","5",4,4,"Female"
"445","Player 20","Meadville Country Club","5",4,4,"Female"
"446","Player 16","Longue Vue Club","5",3,4,"Female"
"447","Player 21","San Destin Resort - Baytowne","5",5,6,"Female"
"448","Player 15","Avalon Lakes Golf Club","6",5,6,"Female"
"449","Player 16","Avalon Lakes Golf Club","6",5,5,"Female"
"450","Player 15","Nemacolin Resort - Shepards Rock","6",4,4,"Female"
"451","Player 15","Nemacolin Resort - Shepards Rock","6",4,5,"Female"
"452","Player 16","Nemacolin Resort - Shepards Rock","6",4,5,"Female"
"453","Player 16","Nemacolin Resort - Shepards Rock","6",4,5,"Female"
"454","Player 17","Avalon Lakes Golf Club","6",5,5,"Female"
"455","Player 18","Longue Vue Club","6",4,4,"Female"
"456","Player 19","Indiana Country Club","6",4,5,"Female"
"457","Player 15","Indiana Country Club","6",4,5,"Female"
"458","Player 20","Indiana Country Club","6",4,5,"Female"
"459","Player 16","Indiana Country Club","6",4,5,"Female"
"460","Player 21","Indiana Country Club","6",4,4,"Female"
"461","Player 21","PGA National - Palmer","6",4,5,"Female"
"462","Player 19","Longue Vue Club","6",4,5,"Female"
"463","Player 21","PGA National - Palmer","6",4,5,"Female"
"464","Player 16","Meadville Country Club","6",3,5,"Female"
"465","Player 20","Meadville Country Club","6",3,2,"Female"
"466","Player 16","Meadville Country Club","6",5,3,"Female"
"467","Player 20","Meadville Country Club","6",3,5,"Female"
"468","Player 16","Longue Vue Club","6",4,4,"Female"
"469","Player 21","San Destin Resort - Baytowne","6",4,4,"Female"
"470","Player 15","Avalon Lakes Golf Club","7",4,5,"Female"
"471","Player 16","Avalon Lakes Golf Club","7",4,4,"Female"
"472","Player 15","Nemacolin Resort - Shepards Rock","7",4,4,"Female"
"473","Player 15","Nemacolin Resort - Shepards Rock","7",4,4,"Female"
"474","Player 16","Nemacolin Resort - Shepards Rock","7",4,5,"Female"
"475","Player 16","Nemacolin Resort - Shepards Rock","7",4,4,"Female"
"476","Player 17","Avalon Lakes Golf Club","7",4,5,"Female"
"477","Player 18","Longue Vue Club","7",4,4,"Female"
"478","Player 19","Indiana Country Club","7",3,3,"Female"
"479","Player 15","Indiana Country Club","7",3,2,"Female"
"480","Player 20","Indiana Country Club","7",3,3,"Female"
"481","Player 16","Indiana Country Club","7",3,4,"Female"
"482","Player 21","Indiana Country Club","7",3,3,"Female"
"483","Player 21","PGA National - Palmer","7",4,4,"Female"
"484","Player 19","Longue Vue Club","7",4,5,"Female"
"485","Player 21","PGA National - Palmer","7",4,4,"Female"
"486","Player 16","Meadville Country Club","7",4,4,"Female"
"487","Player 20","Meadville Country Club","7",4,4,"Female"
"488","Player 16","Meadville Country Club","7",4,5,"Female"
"489","Player 20","Meadville Country Club","7",4,4,"Female"
"490","Player 16","Longue Vue Club","7",4,4,"Female"
"491","Player 21","San Destin Resort - Baytowne","7",3,3,"Female"
"492","Player 15","Avalon Lakes Golf Club","8",3,3,"Female"
"493","Player 16","Avalon Lakes Golf Club","8",3,2,"Female"
"494","Player 15","Nemacolin Resort - Shepards Rock","8",3,3,"Female"
"495","Player 15","Nemacolin Resort - Shepards Rock","8",3,3,"Female"
"496","Player 16","Nemacolin Resort - Shepards Rock","8",3,4,"Female"
"497","Player 16","Nemacolin Resort - Shepards Rock","8",3,4,"Female"
"498","Player 17","Avalon Lakes Golf Club","8",3,4,"Female"
"499","Player 18","Longue Vue Club","8",5,5,"Female"
"500","Player 19","Indiana Country Club","8",4,4,"Female"
"501","Player 15","Indiana Country Club","8",4,5,"Female"
"502","Player 20","Indiana Country Club","8",4,4,"Female"
"503","Player 16","Indiana Country Club","8",4,4,"Female"
"504","Player 21","Indiana Country Club","8",4,4,"Female"
"505","Player 21","PGA National - Palmer","8",5,5,"Female"
"506","Player 19","Longue Vue Club","8",5,5,"Female"
"507","Player 21","PGA National - Palmer","8",4,5,"Female"
"508","Player 16","Meadville Country Club","8",3,4,"Female"
"509","Player 20","Meadville Country Club","8",3,4,"Female"
"510","Player 16","Meadville Country Club","8",3,4,"Female"
"511","Player 20","Meadville Country Club","8",3,5,"Female"
"512","Player 16","Longue Vue Club","8",5,5,"Female"
"513","Player 21","San Destin Resort - Baytowne","8",4,4,"Female"
"514","Player 15","Avalon Lakes Golf Club","9",4,4,"Female"
"515","Player 16","Avalon Lakes Golf Club","9",4,4,"Female"
"516","Player 15","Nemacolin Resort - Shepards Rock","9",5,6,"Female"
"517","Player 15","Nemacolin Resort - Shepards Rock","9",5,5,"Female"
"518","Player 16","Nemacolin Resort - Shepards Rock","9",5,7,"Female"
"519","Player 16","Nemacolin Resort - Shepards Rock","9",5,5,"Female"
"520","Player 17","Avalon Lakes Golf Club","9",4,5,"Female"
"521","Player 18","Longue Vue Club","9",4,4,"Female"
"522","Player 19","Indiana Country Club","9",4,3,"Female"
"523","Player 15","Indiana Country Club","9",4,3,"Female"
"524","Player 20","Indiana Country Club","9",4,4,"Female"
"525","Player 16","Indiana Country Club","9",4,5,"Female"
"526","Player 21","Indiana Country Club","9",4,4,"Female"
"527","Player 21","PGA National - Palmer","9",4,4,"Female"
"528","Player 19","Longue Vue Club","9",4,5,"Female"
"529","Player 21","PGA National - Palmer","9",4,4,"Female"
"530","Player 16","Meadville Country Club","9",5,5,"Female"
"531","Player 20","Meadville Country Club","9",5,5,"Female"
"532","Player 16","Meadville Country Club","9",5,6,"Female"
"533","Player 20","Meadville Country Club","9",5,5,"Female"
"534","Player 16","Longue Vue Club","9",4,4,"Female"
"535","Player 21","San Destin Resort - Baytowne","9",5,4,"Female"
"536","Player 15","Avalon Lakes Golf Club","10",4,5,"Female"
"537","Player 16","Avalon Lakes Golf Club","10",4,4,"Female"
"538","Player 15","Nemacolin Resort - Shepards Rock","10",4,4,"Female"
"539","Player 15","Nemacolin Resort - Shepards Rock","10",4,5,"Female"
"540","Player 16","Nemacolin Resort - Shepards Rock","10",4,8,"Female"
"541","Player 16","Nemacolin Resort - Shepards Rock","10",4,5,"Female"
"542","Player 17","Avalon Lakes Golf Club","10",4,5,"Female"
"543","Player 18","Longue Vue Club","10",3,3,"Female"
"544","Player 19","Indiana Country Club","10",3,3,"Female"
"545","Player 15","Indiana Country Club","10",3,2,"Female"
"546","Player 20","Indiana Country Club","10",3,4,"Female"
"547","Player 16","Indiana Country Club","10",3,4,"Female"
"548","Player 21","Indiana Country Club","10",4,4,"Female"
"549","Player 21","PGA National - Palmer","10",3,3,"Female"
"550","Player 19","Longue Vue Club","10",3,3,"Female"
"551","Player 21","PGA National - Palmer","10",3,3,"Female"
"552","Player 16","Meadville Country Club","10",4,5,"Female"
"553","Player 20","Meadville Country Club","10",4,5,"Female"
"554","Player 16","Meadville Country Club","10",4,6,"Female"
"555","Player 20","Meadville Country Club","10",4,5,"Female"
"556","Player 16","Longue Vue Club","10",3,3,"Female"
"557","Player 21","San Destin Resort - Baytowne","10",4,6,"Female"
"558","Player 15","Avalon Lakes Golf Club","11",5,5,"Female"
"559","Player 16","Avalon Lakes Golf Club","11",5,5,"Female"
"560","Player 15","Nemacolin Resort - Shepards Rock","11",4,4,"Female"
"561","Player 15","Nemacolin Resort - Shepards Rock","11",4,4,"Female"
"562","Player 16","Nemacolin Resort - Shepards Rock","11",4,7,"Female"
"563","Player 16","Nemacolin Resort - Shepards Rock","11",4,5,"Female"
"564","Player 17","Avalon Lakes Golf Club","11",5,5,"Female"
"565","Player 18","Longue Vue Club","11",4,4,"Female"
"566","Player 19","Indiana Country Club","11",5,4,"Female"
"567","Player 15","Indiana Country Club","11",5,5,"Female"
"568","Player 20","Indiana Country Club","11",5,6,"Female"
"569","Player 16","Indiana Country Club","11",5,5,"Female"
"570","Player 21","Indiana Country Club","11",5,5,"Female"
"571","Player 21","PGA National - Palmer","11",4,5,"Female"
"572","Player 19","Longue Vue Club","11",4,4,"Female"
"573","Player 21","PGA National - Palmer","11",4,5,"Female"
"574","Player 16","Meadville Country Club","11",5,3,"Female"
"575","Player 20","Meadville Country Club","11",4,4,"Female"
"576","Player 16","Meadville Country Club","11",5,4,"Female"
"577","Player 20","Meadville Country Club","11",5,4,"Female"
"578","Player 16","Longue Vue Club","11",4,5,"Female"
"579","Player 21","San Destin Resort - Baytowne","11",3,4,"Female"
"580","Player 15","Avalon Lakes Golf Club","12",3,4,"Female"
"581","Player 16","Avalon Lakes Golf Club","12",3,3,"Female"
"582","Player 15","Nemacolin Resort - Shepards Rock","12",3,2,"Female"
"583","Player 15","Nemacolin Resort - Shepards Rock","12",3,5,"Female"
"584","Player 16","Nemacolin Resort - Shepards Rock","12",3,4,"Female"
"585","Player 16","Nemacolin Resort - Shepards Rock","12",3,3,"Female"
"586","Player 17","Avalon Lakes Golf Club","12",3,3,"Female"
"587","Player 18","Longue Vue Club","12",3,3,"Female"
"588","Player 19","Indiana Country Club","12",5,5,"Female"
"589","Player 15","Indiana Country Club","12",5,4,"Female"
"590","Player 20","Indiana Country Club","12",5,5,"Female"
"591","Player 16","Indiana Country Club","12",5,4,"Female"
"592","Player 21","Indiana Country Club","12",5,5,"Female"
"593","Player 21","PGA National - Palmer","12",5,5,"Female"
"594","Player 19","Longue Vue Club","12",3,4,"Female"
"595","Player 21","PGA National - Palmer","12",4,5,"Female"
"596","Player 16","Meadville Country Club","12",5,5,"Female"
"597","Player 20","Meadville Country Club","12",5,6,"Female"
"598","Player 16","Meadville Country Club","12",5,7,"Female"
"599","Player 20","Meadville Country Club","12",5,6,"Female"
"600","Player 16","Longue Vue Club","12",3,5,"Female"
"601","Player 21","San Destin Resort - Baytowne","12",5,5,"Female"
"602","Player 15","Avalon Lakes Golf Club","13",4,4,"Female"
"603","Player 16","Avalon Lakes Golf Club","13",4,4,"Female"
"604","Player 15","Nemacolin Resort - Shepards Rock","13",5,5,"Female"
"605","Player 15","Nemacolin Resort - Shepards Rock","13",5,6,"Female"
"606","Player 16","Nemacolin Resort - Shepards Rock","13",5,5,"Female"
"607","Player 16","Nemacolin Resort - Shepards Rock","13",5,5,"Female"
"608","Player 17","Avalon Lakes Golf Club","13",4,5,"Female"
"609","Player 18","Longue Vue Club","13",4,4,"Female"
"610","Player 19","Indiana Country Club","13",4,4,"Female"
"611","Player 15","Indiana Country Club","13",4,5,"Female"
"612","Player 20","Indiana Country Club","13",4,5,"Female"
"613","Player 16","Indiana Country Club","13",4,5,"Female"
"614","Player 21","Indiana Country Club","13",4,4,"Female"
"615","Player 21","PGA National - Palmer","13",3,3,"Female"
"616","Player 19","Longue Vue Club","13",4,5,"Female"
"617","Player 21","PGA National - Palmer","13",3,3,"Female"
"618","Player 16","Meadville Country Club","13",3,5,"Female"
"619","Player 20","Meadville Country Club","13",3,5,"Female"
"620","Player 16","Meadville Country Club","13",3,3,"Female"
"621","Player 20","Meadville Country Club","13",3,4,"Female"
"622","Player 16","Longue Vue Club","13",4,4,"Female"
"623","Player 21","San Destin Resort - Baytowne","13",5,6,"Female"
"624","Player 15","Avalon Lakes Golf Club","14",5,6,"Female"
"625","Player 16","Avalon Lakes Golf Club","14",5,5,"Female"
"626","Player 15","Nemacolin Resort - Shepards Rock","14",3,4,"Female"
"627","Player 15","Nemacolin Resort - Shepards Rock","14",3,3,"Female"
"628","Player 16","Nemacolin Resort - Shepards Rock","14",3,2,"Female"
"629","Player 16","Nemacolin Resort - Shepards Rock","14",3,3,"Female"
"630","Player 17","Avalon Lakes Golf Club","14",5,5,"Female"
